01731692-da13-4650-a64d-a8f39845d5a1,28347,2025-02-13 00:11:43.314923
56c75031-5b82-45f6-8ae8-718422d0e028,44929,2025-02-12 17:44:34.506853
450aa163-70c2-4672-88aa-3aa30458e653,31026,2025-02-12 17:49:52.339138
fd2c9889-2c01-4206-9e1e-9da7a42955b5,56921,2025-02-12 18:14:42.146987
bb5e5e0c-54bf-443e-932e-590823919cdb,51050,2025-02-12 19:09:18.557434
391b99a0-1bac-4ad9-a8eb-73f6108b4ff1,11693,2025-02-12 20:12:01.169462
83cbf9fe-ed5d-42e7-95bc-35ba81d36713,81533,2025-02-12 21:09:52.677591
f40e8684-3746-4b83-a319-b7f48066c594,58615,2025-02-12 22:10:09.988428
1f0aae96-330d-4d3e-a54c-863bc02cf417,77576,2025-02-12 23:09:07.942832
545294fb-e3fc-4302-adca-80b5d8f2d1cc,26501,2025-02-13 00:51:50.064196
289a27d5-4620-486d-b77c-40b8f879b2b8,91537,2025-02-13 02:11:42.548533
40981fde-be2f-4272-b41f-dc3b4b24814b,31393,2025-02-13 03:14:51.093789
a3a38a3b-e4b1-49eb-8819-c91756372d83,20145,2025-02-13 04:13:12.748976
a7cd4fc6-bff7-4db6-8f6e-4f984fc5aebd,1313,2025-02-13 05:10:56.763483
6ba11ad0-356c-4425-a27c-0a6ce7464033,43693,2025-02-13 06:15:15.589586
40a488a8-a46f-4ca6-8375-dfb12d762e8b,43750,2025-02-13 07:10:41.615953
c85b68a6-8daa-4b24-a8e3-074ed4b6bd8d,65933,2025-02-13 08:14:28.525921
25380c61-dc51-495a-98e3-f5c2f3f9f2b9,4392,2025-02-13 09:11:51.233298
ee617434-b721-4f39-be96-25e0d6410778,13507,2025-02-13 10:11:33.961075
3ee38253-4ce7-4469-8811-8f4a97d00b8a,49458,2025-02-13 11:09:10.977276
55b65054-cd4c-4a8e-b400-aeff0b6045d0,50155,2025-02-13 12:20:44.108986
10aa4506-278f-4ab8-80a2-0b3a518670ac,47083,2025-02-13 13:18:15.940336
36bd30f7-6d3d-4b47-8ac4-536d85c9935d,32001,2025-02-13 14:10:33.144281
a4b3d115-e067-497b-a2fd-4b7be3956d21,40167,2025-02-13 15:11:43.745121
9e6b83b2-1b8a-4389-9bd1-9ee4d80d9e27,86636,2025-02-13 16:14:02.360181
0d98c772-4dea-45b9-ab88-4442e5d47343,90711,2025-02-13 17:08:06.661330
21e92fd7-3d02-4a3d-a1f6-7a1aacf0cb92,18296,2025-02-13 18:14:46.650159
a346b4bf-fdb9-4c7c-bdb4-b2bb134e7a62,4424,2025-02-13 19:08:36.848952
7b5dd25a-a874-420e-94f0-a18544bf8293,91002,2025-02-13 20:12:00.800523
2585a3d4-f245-4ea6-ae39-6218e7a3ca30,9260,2025-02-13 21:10:05.241774
c8b5362a-a2fc-4d4f-a7e7-ee532cd0edd8,52121,2025-02-13 22:10:02.225643
